SSDSE-A-2023,Prefecture,Municipality,A1101,A110101,A110102,A1102,A110201,A110202,A1301,A130101,A130102,A1302,A130201,A130202,A1303,A130301,A130302,A1419,A141901,A141902,A1700,A4101,A4200,A5101,A5102,A7101,A710101,A710201,A810102,A810105,A811102,A8201,A8301,A9101,A9201,B1101,B1103,C2108,C210832,C210833,C210835,C210836,C210837,C210838,C210839,C210840,C210841,C210844,C210845,C210846,C210847,C210848,C210849,C210850,C210851,C210852,C2208,C220832,C220833,C220835,C220836,C220837,C220838,C220839,C220840,C220841,C220844,C220845,C220846,C220847,C220848,C220849,C220850,C220851,C220852,C310201,C310202,D1202,D2203,D2211,D3201,D320101,D3203,D320303,D320308,D320310,D320311,E1101,E1501,E2101,E2401,E2501,E3101,E3401,E3501,E3901,E3904,E3905,E3906,E4101,E4501,F1102,F110201,F110202,F1107,F110701,F110702,F1108,F110801,F110802,F2201,F2211,F2221,G1201,G1401,H5507,H550701,H6130,H6131,H6132,I510120,I5102,I5103,I6100,I6200,I6300,J250302
,,îNìx,2020,2020,2020,2020,2020,2020,2020,2020,2020,2020,2020,2020,2020,2020,2020,2020,2020,2020,2020,2020,2020,2021,2021,2020,2020,2020,2020,2020,2020,2020,2020,2020,2020,2021,2021,2016,2016,2016,2016,2016,2016,2016,2016,2016,2016,2016,2016,2016,2016,2016,2016,2016,2016,2016,2016,2016,2016,2016,2016,2016,2016,2016,2016,2016,2016,2016,2016,2016,2016,2016,2016,2016,2016,2019,2019,2021,2019,2019,2019,2019,2019,2019,2019,2019,2019,2021,2021,2021,2021,2021,2021,2021,2021,2021,2021,2021,2021,2021,2021,2020,2020,2020,2020,2020,2020,2020,2020,2020,2020,2020,2020,2018,2018,2020,2020,2016,2016,2016,2020,2020,2020,2020,2020,2020,2020
ínàÊÉRÅ[Éh,ìsìπï{åß,ésãÊí¨ë∫,ëçêlå˚,ëçêlå˚ÅiíjÅj,ëçêlå˚ÅièóÅj,ì˙ñ{êlêlå˚,ì˙ñ{êlêlå˚ÅiíjÅj,ì˙ñ{êlêlå˚ÅièóÅj,15çŒñ¢ñûêlå˚,15çŒñ¢ñûêlå˚ÅiíjÅj,15çŒñ¢ñûêlå˚ÅièóÅj,15Å`64çŒêlå˚,15Å`64çŒêlå˚ÅiíjÅj,15Å`64çŒêlå˚ÅièóÅj,65çŒà»è„êlå˚,65çŒà»è„êlå˚ÅiíjÅj,65çŒà»è„êlå˚ÅièóÅj,75çŒà»è„êlå˚,75çŒà»è„êlå˚ÅiíjÅj,75çŒà»è„êlå˚ÅièóÅj,äOçëêlêlå˚,èoê∂êî,éÄñSêî,ì]ì¸é“êîÅiì˙ñ{êlà⁄ìÆé“Åj,ì]èoé“êîÅiì˙ñ{êlà⁄ìÆé“Åj,ê¢ë—êî,àÍî ê¢ë—êî,àÍî ê¢ë—êlàıêî,äjâ∆ë∞ê¢ë—êî,íPì∆ê¢ë—êî,65çŒà»è„ÇÃê¢ë—àıÇÃÇ¢ÇÈäjâ∆ë∞ê¢ë—êî,ïv65çŒà»è„ÅAç»60çŒà»è„ÇÃïvïwÇÃÇ›ÇÃê¢ë—êî,65çŒà»è„ê¢ë—àıÇÃíPì∆ê¢ë—êî,ç•à˜åèêî,ó£ç•åèêî,ëçñ êœÅiñkï˚ínàÊãyÇ—í|ìáÇèúÇ≠Åj,â¬èZínñ êœ,éñã∆èäêîÅiñØâcÅj,éñã∆èäêîÅiñØâcÅjÅiî_ã∆ÅCó—ã∆Åj,éñã∆èäêîÅiñØâcÅjÅiãôã∆Åj,éñã∆èäêîÅiñØâcÅjÅiçzã∆ÅCçÃêŒã∆ÅCçªóòçÃéÊã∆Åj,éñã∆èäêîÅiñØâcÅjÅiåöê›ã∆Åj,éñã∆èäêîÅiñØâcÅjÅiêªë¢ã∆Åj,éñã∆èäêîÅiñØâcÅjÅiìdãCÅEÉKÉXÅEîMãüããÅEêÖìπã∆Åj,éñã∆èäêîÅiñØâcÅjÅièÓïÒí êMã∆Åj,éñã∆èäêîÅiñØâcÅjÅiâ^óAã∆ÅCóXï÷ã∆Åj,éñã∆èäêîÅiñØâcÅjÅiâµîÑã∆ÅCè¨îÑã∆Åj,éñã∆èäêîÅiñØâcÅjÅiã‡óZã∆ÅCï€åØã∆Åj,éñã∆èäêîÅiñØâcÅjÅiïsìÆéYã∆ÅCï®ïií¿ë›ã∆Åj,éñã∆èäêîÅiñØâcÅjÅiäwèpå§ãÜÅCêÍñÂÅEãZèpÉTÅ[ÉrÉXã∆Åj,éñã∆èäêîÅiñØâcÅjÅièhîëã∆ÅCà˘êHÉTÅ[ÉrÉXã∆Åj,éñã∆èäêîÅiñØâcÅjÅiê∂äàä÷òAÉTÅ[ÉrÉXã∆ÅCå‚äyã∆Åj,éñã∆èäêîÅiñØâcÅjÅiã≥àÁÅCäwèKéxâáã∆Åj,éñã∆èäêîÅiñØâcÅjÅià„ó√ÅCïüéÉÅj,éñã∆èäêîÅiñØâcÅjÅiï°çáÉTÅ[ÉrÉXéñã∆Åj,éñã∆èäêîÅiñØâcÅjÅiÉTÅ[ÉrÉXã∆ÅiëºÇ…ï™óﬁÇ≥ÇÍÇ»Ç¢Ç‡ÇÃÅjÅj,è]ã∆é“êîÅiñØâcÅj,è]ã∆é“êîÅiñØâcÅjÅiî_ã∆ÅCó—ã∆Åj,è]ã∆é“êîÅiñØâcÅjÅiãôã∆Åj,è]ã∆é“êîÅiñØâcÅjÅiçzã∆ÅCçÃêŒã∆ÅCçªóòçÃéÊã∆Åj,è]ã∆é“êîÅiñØâcÅjÅiåöê›ã∆Åj,è]ã∆é“êîÅiñØâcÅjÅiêªë¢ã∆Åj,è]ã∆é“êîÅiñØâcÅjÅiìdãCÅEÉKÉXÅEîMãüããÅEêÖìπã∆Åj,è]ã∆é“êîÅiñØâcÅjÅièÓïÒí êMã∆Åj,è]ã∆é“êîÅiñØâcÅjÅiâ^óAã∆ÅCóXï÷ã∆Åj,è]ã∆é“êîÅiñØâcÅjÅiâµîÑã∆ÅCè¨îÑã∆Åj,è]ã∆é“êîÅiñØâcÅjÅiã‡óZã∆ÅCï€åØã∆Åj,è]ã∆é“êîÅiñØâcÅjÅiïsìÆéYã∆ÅCï®ïií¿ë›ã∆Åj,è]ã∆é“êîÅiñØâcÅjÅiäwèpå§ãÜÅCêÍñÂÅEãZèpÉTÅ[ÉrÉXã∆Åj,è]ã∆é“êîÅiñØâcÅjÅièhîëã∆ÅCà˘êHÉTÅ[ÉrÉXã∆Åj,è]ã∆é“êîÅiñØâcÅjÅiê∂äàä÷òAÉTÅ[ÉrÉXã∆ÅCå‚äyã∆Åj,è]ã∆é“êîÅiñØâcÅjÅiã≥àÁÅCäwèKéxâáã∆Åj,è]ã∆é“êîÅiñØâcÅjÅià„ó√ÅCïüéÉÅj,è]ã∆é“êîÅiñØâcÅjÅiï°çáÉTÅ[ÉrÉXéñã∆Åj,è]ã∆é“êîÅiñØâcÅjÅiÉTÅ[ÉrÉXã∆ÅiëºÇ…ï™óﬁÇ≥ÇÍÇ»Ç¢Ç‡ÇÃÅjÅj,î_â∆êîÅiîÃîÑî_â∆Åj,î_â∆êîÅié©ããìIî_â∆Åj,àÍî çsê≠ïîñÂêEàıêîÅiésãÊí¨ë∫Åj,åoèÌé˚éxî‰ó¶Åiésí¨ë∫ç‡ê≠Åj,é¿éøåˆç¬îÔî‰ó¶Åiésí¨ë∫ç‡ê≠Åj,çŒì¸åàéZëçäzÅiésí¨ë∫ç‡ê≠Åj,ínï˚ê≈Åiésí¨ë∫ç‡ê≠Åj,çŒèoåàéZëçäzÅiésí¨ë∫ç‡ê≠Åj,ñØê∂îÔÅiésí¨ë∫ç‡ê≠Åj,ìyñÿîÔÅiésí¨ë∫ç‡ê≠Åj,ã≥àÁîÔÅiésí¨ë∫ç‡ê≠Åj,ç–äQïúãåîÔÅiésí¨ë∫ç‡ê≠Åj,ócítâÄêî,ócítâÄç›âÄé“êî,è¨äwçZêî,è¨äwçZã≥àıêî,è¨äwçZéôì∂êî,íÜäwçZêî,íÜäwçZã≥àıêî,íÜäwçZê∂ìkêî,ã`ñ±ã≥àÁäwçZêî,ã`ñ±ã≥àÁäwçZã≥àıêî,ã`ñ±ã≥àÁäwçZëOä˙â€íˆéôì∂êî,ã`ñ±ã≥àÁäwçZå„ä˙â€íˆê∂ìkêî,çÇìôäwçZêî,çÇìôäwçZê∂ìkêî,èAã∆é“êî,èAã∆é“êîÅiíjÅj,èAã∆é“êîÅièóÅj,äÆëSé∏ã∆é“êî,äÆëSé∏ã∆é“êîÅiíjÅj,äÆëSé∏ã∆é“êîÅièóÅj,îÒòJì≠óÕêlå˚,îÒòJì≠óÕêlå˚ÅiíjÅj,îÒòJì≠óÕêlå˚ÅièóÅj,ëÊÇPéüéYã∆èAã∆é“êî,ëÊÇQéüéYã∆èAã∆é“êî,ëÊÇRéüéYã∆èAã∆é“êî,åˆñØäŸêî,ê}èëäŸêî,ëçêlå˚ÅiîÒêÖêÙâªêlå˚Å{êÖêÙâªêlå˚Åj,îÒêÖêÙâªêlå˚,è¨îÑìXêî,à˘êHìXêî,ëÂå^è¨îÑìXêî,àÍî ïaâ@êî,àÍî êfó√èäêî,éïâ»êfó√èäêî,à„étêî,éïâ»à„étêî,ñÚç‹étêî,ï€àÁèäìôêîÅiäÓñ{ï[Åj
R01100,ñkäCìπ,éDñyés,1973395,918682,1054713,1933094,897727,1035367,215366,110196,105170,1185724,566874,618850,541242,224966,316276,264920,98452,166468,12634,12259,20261,115389,105713,969161,967372,1916478,496691,422160,195527,110890,121789,9131,3691,112126,43879,72451,93,2,8,6400,2349,46,1396,1639,18137,1369,7276,3985,9859,6261,2140,6680,294,4516,838911,875,16,68,59550,36190,3019,29973,42158,192192,26134,32255,29672,83819,38382,32499,127350,7616,97140,347,280,7396,95.3,2.1,1004028030,338947135,992751320,432093082,122819403,150836898,6541146,101,15815,201,5139,89713,107,3066,45601,0,0,0,0,51,41997,845953,445866,400087,41269,23450,17819,576925,192964,383961,3983,115924,697967,1,12,1961682,6049,11197,8502,355,178,1375,1205,6978,2142,5758,343
R01202,ñkäCìπ,îüäŸés,251084,113965,137119,248208,112718,135490,23560,11984,11576,134953,64971,69982,89257,35342,53915,45963,16118,29845,989,1231,3827,7856,8650,121793,121455,240342,62606,50901,30158,16719,22337,929,431,67787,12281,12918,20,20,3,1134,579,11,95,265,3400,263,914,432,2094,1340,363,1000,97,888,112081,150,251,23,8268,9559,395,1246,6504,24511,3061,2838,2396,13421,5950,3180,19255,1412,9661,146,132,1248,93.1,7.3,137782620,32404550,136199691,60755210,12616464,15551107,108471,12,1099,43,747,9887,23,451,5565,1,22,44,28,14,6449,109183,57529,51654,5592,3269,2323,86816,28978,57838,3202,17553,84172,2,1,252647,24844,2533,1749,41,26,207,126,822,182,683,53
R01203,ñkäCìπ,è¨íMés,111299,50136,61163,109971,49441,60530,9169,4678,4491,55643,26790,28853,45426,18009,27417,24086,8559,15527,552,425,1932,2756,3146,52817,52615,106082,28930,20657,15757,8822,11095,318,144,24383,8528,5677,3,7,0,400,425,7,23,222,1679,81,190,133,896,529,149,520,38,375,50240,38,107,0,2487,8433,208,105,3401,10726,866,717,713,4895,3711,1399,8876,545,3013,54,58,688,99.4,7.5,56464859,13594349,56282977,25933163,6038344,3761144,0,12,738,17,340,3947,13,223,2211,0,0,0,0,7,3001,44785,23313,21472,2850,1689,1161,46101,16224,29877,619,7572,35719,0,1,111634,2310,1289,778,17,11,80,78,338,105,334,23
R01204,ñkäCìπ,àÆêÏés,329306,152108,177198,325287,150318,174969,34691,17797,16894,178060,85575,92485,112411,46768,65643,58032,22143,35889,1082,1913,4617,9489,10008,156195,155625,315003,86206,61540,39798,24072,24821,1280,545,74766,35018,14493,72,0,2,1376,747,8,109,363,3728,332,1118,491,2042,1393,307,1436,78,890,139204,730,0,8,11371,10723,528,1010,8626,33143,3711,3376,2892,13217,6027,4581,25884,1684,11688,843,273,1547,94.9,8.1,160957753,40283960,159484778,73814951,19533760,13273044,164320,26,2242,53,1218,14546,27,642,7841,0,0,0,0,13,8829,146321,77721,68600,6921,4052,2869,118878,41158,77720,3761,24253,114977,27,5,331951,8860,2612,1743,65,36,225,171,1364,246,876,71
R01205,ñkäCìπ,é∫óñés,82383,40390,41993,81658,39960,41698,7769,3916,3853,43398,23259,20139,30330,12565,17765,16418,6265,10153,380,421,1236,2725,3349,41766,41660,79836,20845,18890,10730,6481,7410,294,118,8101,4331,4150,1,0,0,438,210,4,34,123,1007,97,262,132,709,356,87,297,24,369,42879,28,0,0,5209,7477,182,557,2527,7361,937,820,1229,3505,1398,1390,5763,396,4100,12,8,353,96.3,9.3,45923510,13510349,45284580,17776538,5961096,5186500,6532,9,831,9,229,3162,8,141,1657,0,0,0,0,6,2654,34733,20173,14560,1661,1128,533,33134,12133,21001,324,9155,24690,0,1,81909,2216,748,621,11,6,52,40,249,56,193,11
R01206,ñkäCìπ,ã˙òHés,165077,77506,87571,163026,76789,86237,16634,8495,8139,90595,44886,45709,56355,23465,32890,28354,10823,17531,815,863,2271,5389,6137,80349,80095,159067,42053,33385,19578,11513,13290,633,308,136329,31168,8268,26,20,10,712,340,13,47,283,1970,188,785,265,1353,778,204,632,46,596,70112,303,269,438,5489,5938,384,392,5773,15110,2159,1875,1461,7786,3192,1548,11289,543,6163,129,18,912,96.8,10.9,93915281,21189705,93835143,38987066,8420412,8154144,45813,24,1780,25,570,6537,15,328,3634,2,58,377,285,8,4033,69198,37549,31649,2878,1686,1192,56593,20000,36593,1511,12561,53046,1,2,166089,8878,1391,1151,29,15,78,85,379,107,374,26
R01207,ñkäCìπ,ë—çLés,166536,79623,86913,165759,79211,86548,19073,9762,9311,96804,48097,48707,49000,20616,28384,24870,9548,15322,717,1076,1839,7212,7005,80175,79933,160130,42007,33848,17351,10492,11065,835,275,61934,38130,8804,72,1,4,868,338,9,74,185,2245,208,436,358,1562,829,256,712,45,601,78576,729,6,27,6908,5331,277,623,4385,18833,2405,1827,2297,9244,3528,1551,13303,426,6872,580,27,793,91.6,8.9,85539405,22791846,85168941,32588156,10000941,6889772,0,13,1733,26,632,7812,14,340,3978,0,0,0,0,8,5071,74554,40187,34367,2668,1541,1127,44613,15031,29582,3616,12675,54217,0,1,165750,3341,1567,1378,32,17,110,96,538,145,417,29
R01208,ñkäCìπ,ñkå©és,115480,54729,60751,114601,54346,60255,12014,6170,5844,63217,31713,31504,38841,16230,22611,20031,7673,12358,402,611,1512,3671,3799,55188,55024,111882,29872,21801,13824,8404,7846,467,201,142741,42794,5516,128,18,3,501,240,12,44,152,1472,118,335,185,809,483,107,451,45,411,49853,986,253,29,4843,3577,245,470,2739,12258,1316,1131,929,4781,2069,1437,7596,801,4388,713,126,792,95,8,72538941,14662609,72071608,22904782,9920805,6320570,9580,7,556,23,476,5043,13,269,2691,1,24,33,22,8,2812,49777,26904,22873,1832,1081,751,35130,12303,22827,3219,8212,36556,8,8,115641,3589,1039,663,28,12,63,51,234,74,222,27
R01209,ñkäCìπ,ó[í£és,7334,3381,3953,7247,3373,3874,411,199,212,3093,1609,1484,3828,1571,2257,2262,818,1444,87,22,186,163,330,3807,3790,6902,1811,1766,1216,735,1095,23,6,76307,11466,435,4,0,0,27,21,3,2,12,126,4,7,5,54,47,4,42,15,62,2921,39,0,0,219,699,19,3,103,530,20,17,12,274,104,11,559,109,203,111,18,87,126.3,69.9,11318450,921776,10742316,2310078,1269998,303011,1998,0,0,1,22,171,1,19,100,0,0,0,0,1,53,3085,1687,1398,242,157,85,3455,1265,2190,518,678,1880,1,0,7302,3089,119,40,0,0,6,4,7,7,16,3
R01210,ñkäCìπ,ä‚å©ëÚés,79306,37105,42201,79031,36970,42061,7859,3961,3898,42391,21004,21387,28880,12062,16818,15113,5691,9422,196,369,1094,2420,2758,35584,35476,76126,20315,12581,10037,5774,6056,294,130,48102,32071,3230,96,0,1,301,120,3,29,77,776,55,244,124,445,324,67,296,26,246,28621,801,0,16,2536,2597,110,159,1833,6166,575,646,622,2607,1391,460,4985,558,2559,854,166,409,98.5,7.4,47880659,8547292,47719315,14898313,7185137,4885656,1644,5,644,14,297,3413,9,179,1818,0,0,0,0,4,2220,34045,18427,15618,1636,1037,599,29663,10443,19220,2695,6014,24329,0,2,79614,3832,625,381,10,5,58,49,178,67,141,18
R01211,ñkäCìπ,ñ‘ëñés,35759,18060,17699,35429,17962,17467,3731,1932,1799,20405,11042,9363,11259,4818,6441,5595,2198,3397,321,200,427,1515,1824,17253,17193,34107,8505,7618,3977,2386,2383,135,59,47100,22995,1861,36,23,1,174,103,2,15,39,429,36,143,71,306,165,33,126,19,140,15757,614,203,4,1348,1744,38,106,620,3116,384,328,426,2062,615,523,2201,426,999,305,18,245,98.4,17.4,23148521,4758447,22935709,6440779,2835804,2071392,0,3,223,9,177,1515,6,109,772,0,0,0,0,2,919,16723,9393,7330,578,363,215,12233,4938,7295,2195,2555,11448,0,1,34696,1266,345,242,5,3,14,15,54,20,53,4
R01212,ñkäCìπ,óØñGés,20114,9649,10465,19940,9610,10330,1711,885,826,9981,5234,4747,7425,3002,4423,3944,1467,2477,134,99,320,795,1074,9816,9784,19120,4915,4121,2540,1559,1708,84,33,29784,3294,1107,4,1,2,92,37,4,8,47,310,29,44,38,170,109,14,83,10,105,8065,37,20,13,950,871,48,49,641,1926,255,143,173,647,377,65,1121,207,522,61,19,160,96.7,14.3,13704541,2279419,13412428,3750468,2242070,1036382,7155,2,190,5,102,747,2,47,420,0,0,0,0,1,501,9601,5469,4132,453,283,170,7079,2347,4732,315,1896,7344,1,1,20024,1409,243,137,3,2,15,11,48,12,49,3
R01213,ñkäCìπ,ìœè¨ñqés,170113,83522,86591,168873,82739,86134,20426,10593,9833,96847,49324,47523,50022,21637,28385,23635,9242,14393,722,1139,1950,5748,5564,80130,79962,164852,44385,31627,18268,11128,11075,791,338,56165,23136,7339,18,2,5,941,347,14,33,458,1738,147,332,238,1039,679,230,550,28,540,78882,497,19,118,8047,11621,383,463,8444,15466,1456,1436,1212,6675,4061,1508,9844,922,6710,34,19,781,89.4,6.7,81716525,28199494,79917443,34141609,8545870,9583687,0,11,1498,23,589,8715,16,358,4431,0,0,0,0,7,3807,76046,43267,32779,2924,1714,1210,50281,16776,33505,1457,19227,52507,1,1,170370,349,1232,859,26,10,89,74,343,110,312,27
R01214,ñkäCìπ,ítì‡és,33563,16651,16912,33083,16509,16574,3484,1806,1678,18920,10016,8904,11025,4739,6286,5458,2105,3353,435,187,448,1150,1560,16060,15944,32492,8397,6492,4004,2303,2454,116,70,76142,32075,1936,12,14,3,193,121,6,14,45,468,51,125,52,338,180,28,101,24,161,15156,128,262,10,1915,1992,88,118,959,3456,445,273,258,1591,743,189,1173,375,1181,135,4,226,94.4,12.2,30273186,4714419,30071224,5735917,4560254,2776177,0,5,364,11,150,1418,7,102,742,0,0,0,0,2,855,16459,9610,6849,831,525,306,10760,3610,7150,1407,3525,11265,0,1,33150,663,312,273,5,3,16,11,47,16,52,6
R01215,ñkäCìπ,î¸âSés,20413,9565,10848,20343,9527,10816,1539,813,726,10169,5143,5026,8642,3575,5067,4739,1786,2953,44,64,387,510,669,9434,9359,19238,5004,3617,2842,1665,2122,54,26,27769,15755,970,34,0,4,108,64,2,3,31,200,16,71,12,127,105,25,65,14,89,7368,207,0,28,869,843,26,27,591,1209,149,138,112,634,428,73,1295,273,466,486,74,206,101.1,13.2,15592364,2066758,15389855,4585929,1961660,1121673,0,2,99,2,51,636,2,39,374,0,0,0,0,2,511,9257,5086,4171,358,233,125,8632,3111,5521,1204,1927,5948,4,1,20328,3406,167,104,1,3,11,13,42,16,26,5
R01216,ñkäCìπ,à∞ï és,12555,5762,6793,12536,5758,6778,845,435,410,5705,2854,2851,5995,2464,3531,3412,1304,2108,17,40,280,272,375,6055,6021,11914,3377,2241,2047,1258,1439,30,19,86504,14122,639,20,0,3,44,39,1,3,12,159,13,19,7,99,71,11,55,13,70,4891,243,0,77,305,1233,8,8,223,891,78,34,26,366,220,66,736,81,296,203,41,150,97.8,5.9,11242875,1448541,10986802,3063134,1232710,857411,1,1,91,2,41,356,2,29,193,0,0,0,0,1,157,5308,2863,2445,313,203,110,5682,2054,3628,547,1443,3292,0,1,12603,1879,135,84,1,2,3,8,15,9,22,1
R01217,ñkäCìπ,ç]ï és,121056,57523,63533,119589,56702,62887,13400,6786,6614,69555,34012,35543,36783,15876,20907,18112,7027,11085,635,638,1265,4794,4125,53977,53869,117451,32535,18549,14241,8373,6686,292,164,18738,16819,3351,40,0,0,395,152,5,22,91,757,46,224,114,356,330,176,408,21,214,33426,449,0,0,2698,4085,109,722,1861,7233,414,720,860,2429,1451,2213,5163,411,2608,304,31,489,94.4,7.1,46582271,12658606,46059796,18311321,6568246,3794656,136513,6,823,17,423,5759,9,281,3503,0,0,0,0,5,3857,53400,28888,24512,2506,1551,955,42623,15420,27203,1480,9256,40708,3,4,119883,1091,596,297,25,5,69,64,167,89,194,18
R01218,ñkäCìπ,ê‘ïΩés,9698,4388,5310,9631,4355,5276,603,299,304,4280,2139,2141,4669,1878,2791,2624,979,1645,67,25,228,193,255,4494,4463,8623,2307,1831,1420,860,1131,22,8,12988,3727,431,4,0,1,43,34,0,2,16,115,8,12,5,56,48,3,36,7,41,4069,44,0,18,442,1180,0,3,214,615,56,31,13,202,126,5,911,35,174,68,11,112,93.5,12.9,9567426,838894,9116652,2639378,1187682,827690,6699,1,31,3,44,267,1,19,174,0,0,0,0,0,0,4045,2163,1882,215,143,72,4683,1707,2976,182,1066,2784,2,1,9719,1813,107,46,1,2,3,5,25,6,23,2
R01219,ñkäCìπ,ñ‰ï és,21215,9901,11314,20674,9803,10871,1971,992,979,11515,5782,5733,7697,3104,4593,4066,1474,2592,529,91,336,768,814,11214,11192,20546,5502,5326,2657,1722,2209,73,46,83067,17777,1254,13,5,1,108,100,3,8,45,323,31,83,33,190,117,23,54,16,101,9289,167,87,4,856,1848,48,127,553,1960,173,175,138,873,397,110,948,201,624,70,9,218,90.8,10.1,25909831,2917388,25458011,4503619,2891805,1582106,2958,1,50,6,107,834,3,51,416,0,0,0,0,1,434,9688,5172,4516,381,242,139,6990,2330,4660,949,2392,6288,3,1,21156,1650,234,161,2,5,7,10,38,13,26,5
R01220,ñkäCìπ,émï és,17858,8416,9442,17756,8349,9407,1652,855,797,8803,4490,4313,7350,3044,4306,4118,1590,2528,76,71,264,433,680,8184,8157,17188,4660,2849,2510,1638,1467,43,27,111922,28428,1069,42,0,3,108,52,2,3,18,256,16,62,27,156,96,25,91,17,95,7540,516,0,13,1132,514,7,16,238,1537,138,102,294,591,285,90,803,260,1004,467,57,226,99.5,13.3,18678330,2267164,18660622,3886451,1627929,1616720,0,3,115,6,99,670,4,63,399,0,0,0,0,2,375,8810,4916,3894,225,151,74,6195,2041,4154,1481,1525,5454,17,2,17967,1012,209,127,3,1,12,9,20,9,30,3
R01221,ñkäCìπ,ñºäÒés,27282,13322,13960,27014,13167,13847,3018,1561,1457,15232,7893,7339,8747,3682,5065,4754,1846,2908,50,161,297,1291,1528,12810,12725,25708,6650,5303,3076,1917,1822,121,45,53520,20056,1404,20,0,1,104,54,2,10,40,361,32,141,42,216,142,33,92,14,100,10169,152,0,16,848,620,67,76,644,2795,287,236,201,1127,478,187,1369,219,847,473,107,252,93.2,9.2,21112169,3109947,20731921,5052704,1776468,3606398,540,3,286,7,131,1201,4,78,637,0,0,0,0,2,426,13689,7763,5926,290,180,110,8871,3033,5838,1367,1519,10479,19,2,27124,1032,291,184,5,4,10,15,88,22,56,5
R01222,ñkäCìπ,éOä}és,8040,3631,4409,8025,3621,4404,655,315,340,3566,1845,1721,3819,1471,2348,2253,779,1474,15,38,194,293,367,3816,3799,7465,1994,1583,1185,648,1037,20,3,30252,5849,393,10,0,1,38,28,2,0,15,113,6,7,3,41,45,2,27,7,48,3025,197,0,18,312,522,6,0,149,667,24,27,18,210,143,12,424,36,260,55,14,113,98.7,8,11597386,874825,11476823,2583512,1258583,1405549,13565,0,0,2,32,257,2,26,134,0,0,0,0,1,110,3147,1729,1418,258,190,68,3875,1340,2535,233,658,2238,1,1,8182,2126,99,33,1,2,4,3,9,3,13,2
R01223,ñkäCìπ,ç™é∫és,24636,11762,12874,24249,11666,12583,2396,1217,1179,13370,6832,6538,8648,3550,5098,4569,1694,2875,306,115,385,685,1015,11153,11133,23883,5841,4201,2969,1634,1757,105,33,41141,21003,1439,13,38,3,111,144,3,11,41,358,33,46,25,236,158,25,64,22,108,10427,82,358,34,656,2478,26,37,475,2348,268,127,100,934,478,98,855,373,700,86,1,233,95.9,8.5,28785658,2981106,28545730,4844591,1401194,1472713,0,2,187,7,116,889,5,84,533,1,30,94,48,1,481,12722,7022,5700,351,224,127,7879,2616,5263,2438,2600,7261,4,1,24958,6882,266,194,5,1,7,9,33,12,28,7
R01224,ñkäCìπ,êÁçŒés,97950,49790,48160,97223,49450,47773,13012,6681,6331,62066,32906,29160,22690,10088,12602,10977,4484,6493,704,708,915,5553,5668,43809,43635,92889,24584,17068,8652,4970,4583,528,205,59450,19754,3157,37,2,2,243,146,2,17,143,847,56,129,77,616,328,103,218,16,175,39568,549,16,7,2196,6945,81,81,4735,8050,537,1011,561,4760,2328,726,3292,306,3387,173,41,497,87.6,8.5,47322947,15824880,46571825,13904536,5483182,4966224,53930,8,1228,17,336,5310,9,199,2698,0,0,0,0,2,1462,47913,28274,19639,1819,1064,755,26916,9257,17659,1606,8585,36424,12,1,98122,1662,701,535,19,5,56,46,128,60,134,18
R01225,ñkäCìπ,ëÍêÏés,39490,18832,20658,39013,18548,20465,3995,2104,1891,21161,10702,10459,13821,5682,8139,7223,2735,4488,109,214,579,1741,1895,18688,18636,37549,10324,7369,4799,2961,3114,164,62,11590,10282,1882,14,0,2,193,61,2,10,49,476,44,101,64,313,211,50,152,12,128,14647,164,0,5,1659,670,64,83,805,3711,445,303,361,1718,782,300,2225,306,1046,273,65,239,93.9,9.7,22023280,4384641,21137961,6882045,2455403,1990046,0,2,257,6,144,1671,4,88,900,0,0,0,0,3,1484,18184,9981,8203,618,387,231,13077,4494,8583,823,3119,13571,1,1,39383,4687,377,278,8,4,24,26,85,35,97,5
R01226,ñkäCìπ,çªêÏés,16486,7607,8879,16450,7588,8862,1388,682,706,8138,3985,4153,6404,2640,3764,3548,1346,2202,29,76,295,535,671,7599,7572,15713,4268,2705,2249,1359,1311,50,24,7868,4997,825,7,0,2,95,39,3,2,28,213,12,37,23,136,72,18,71,6,61,7236,106,0,24,1097,745,113,5,498,1767,88,190,80,563,341,60,719,241,599,169,24,166,83.6,4.7,13067649,2094729,12655660,3271987,2425019,792927,0,1,94,5,80,574,2,34,360,0,0,0,0,1,183,7444,3985,3459,391,258,133,6676,2369,4307,377,1746,5289,1,1,16561,446,166,111,3,1,7,8,106,15,65,3
R01227,ñkäCìπ,âÃéuì‡és,2989,1399,1590,2979,1393,1586,142,80,62,1252,659,593,1592,658,934,888,318,570,10,6,67,80,108,1424,1417,2674,727,608,485,282,376,8,1,5595,1402,129,1,0,2,15,4,0,1,5,34,3,1,0,11,12,3,15,3,19,801,0,0,41,103,47,0,3,52,128,8,1,0,54,29,10,240,9,76,1,0,74,96.3,13.9,4148418,201076,3955059,1140917,514594,254105,1264,0,0,0,0,0,0,0,0,1,24,47,46,0,0,1150,642,508,70,55,15,1624,620,1004,21,292,834,0,1,3062,152,31,6,0,1,4,1,2,1,5,1
R01228,ñkäCìπ,ê[êÏés,20039,9362,10677,19927,9311,10616,1634,853,781,9802,4981,4821,8544,3482,5062,4873,1831,3042,110,84,348,599,717,9198,9161,18768,5028,3438,2817,1814,1574,49,20,52942,21492,1030,31,0,1,84,45,4,4,26,253,22,60,29,165,110,20,78,16,82,7890,264,0,4,621,366,42,23,398,1689,257,134,213,773,413,238,1625,165,665,542,152,194,88.2,15.1,17057947,2145687,16996289,4645822,1916050,1711176,33535,2,90,6,81,711,2,34,364,0,0,0,0,2,326,9324,4982,4342,266,176,90,8161,3001,5160,1539,1154,6388,7,1,20154,2273,207,138,4,3,14,13,61,18,41,8
R01229,ñkäCìπ,ïxó«ñÏés,21131,9947,11184,20825,9818,11007,2211,1126,1085,11512,5645,5867,7255,3073,4182,3933,1515,2418,224,125,278,687,950,9538,9502,20099,5109,3630,2388,1480,1306,88,29,60071,19751,1147,36,0,1,76,43,2,2,24,305,23,85,28,215,104,37,72,13,81,9602,550,0,6,812,485,40,6,623,2021,183,204,87,1325,362,148,1619,363,768,546,15,202,94.1,7.2,12594597,2634850,12432506,4219615,1326568,1162865,0,4,289,9,140,932,5,64,490,0,0,0,0,2,604,10779,5715,5064,311,186,125,6904,2395,4509,2188,1201,7250,2,1,20796,1970,256,150,3,2,11,13,46,18,51,1
R01230,ñkäCìπ,ìoï és,46391,22146,24245,46118,22023,24095,4775,2480,2295,24170,12215,11955,17287,7373,9914,9013,3563,5450,167,243,624,1585,1839,20928,20885,44369,12520,7123,6319,3906,3433,163,75,21221,3853,1542,6,1,1,220,78,0,5,39,366,25,101,38,219,175,45,115,11,97,13712,31,5,1,1473,1012,0,22,683,2925,145,300,100,2305,676,367,2393,150,1124,27,9,266,97.5,12.6,24053214,5167264,23547604,8306038,3554581,1949002,60055,4,445,8,150,1892,5,92,1032,0,0,0,0,1,402,20102,11247,8855,892,554,338,18341,6656,11685,256,4946,14750,3,2,46919,2341,298,168,7,6,18,21,52,25,49,5
R01231,ñkäCìπ,åbíÎés,70331,34088,36243,69840,33832,36008,8701,4476,4225,41413,20687,20726,19673,8560,11113,9795,3882,5913,438,424,669,3159,2862,30276,30172,67695,18394,9980,7456,4260,3359,272,143,29465,9793,1852,21,0,2,169,112,1,7,79,430,32,85,60,261,216,82,179,13,103,22023,216,0,9,1418,4651,35,95,1653,4363,258,290,353,1916,1295,1259,3162,228,822,165,92,337,93.2,5,31083896,8249579,30211562,9868019,3645575,3624878,4967,6,959,8,230,3726,5,144,1964,0,0,0,0,3,1970,32273,18120,14153,1562,948,614,23761,8280,15481,1277,6715,23833,1,3,70092,666,351,213,12,5,35,37,119,42,129,10
R01233,ñkäCìπ,à…íBés,32826,15176,17650,32644,15144,17500,3355,1714,1641,16832,8168,8664,12601,5268,7333,6740,2581,4159,180,162,507,1032,1201,14844,14746,30680,8567,5327,4369,2731,2569,97,53,44421,13075,1372,21,1,2,116,55,1,6,19,332,28,126,40,200,143,32,142,13,95,11793,242,9,9,971,805,68,19,443,2397,253,284,171,1159,733,130,2970,321,809,318,64,227,88.7,5.6,18122184,3989173,17909580,6567323,1527924,2241800,0,2,228,8,136,1382,3,73,825,1,14,18,12,2,586,14832,7709,7123,545,338,207,12352,4572,7780,1401,2483,10496,0,1,33209,4424,280,148,4,2,25,19,68,21,70,8
R01234,ñkäCìπ,ñkçLìáés,58171,27763,30408,57695,27517,30178,6395,3267,3128,32140,15829,16311,19380,8514,10866,9376,3876,5500,369,253,621,2235,2091,24640,24548,55757,16375,6964,7560,4608,3198,148,102,11905,7476,1907,12,0,2,215,118,2,8,147,540,15,87,64,145,136,54,212,12,138,24321,119,0,6,1537,3046,45,55,4076,5891,191,441,268,1042,1745,707,3804,163,1185,89,50,307,95.5,4.7,26305046,7981870,26135467,9593840,5394904,2714826,219742,6,607,9,198,2793,8,158,1824,0,0,0,0,3,2716,25226,13766,11460,1148,718,430,21015,7712,13303,536,4296,19696,2,5,58150,995,397,116,12,5,36,32,58,43,88,12
R01235,ñkäCìπ,êŒéÎés,56869,27324,29545,56418,27146,29272,6821,3502,3319,30645,15273,15372,19402,8549,10853,8958,3614,5344,451,279,615,2053,1809,23102,23038,55320,15376,5868,7379,4217,3010,165,100,72242,19849,2111,13,4,2,308,207,1,14,175,474,28,53,54,194,164,42,199,24,155,26035,148,30,12,2043,4549,11,192,4880,5955,163,443,367,1027,1408,541,2848,284,1134,283,58,358,94.4,7.8,27909558,8324700,27583607,10258465,2756508,3966746,12771,0,0,9,209,2871,6,142,1644,1,17,24,9,2,1770,23568,13000,10568,996,632,364,18287,6486,11801,978,5577,16052,3,4,58301,2979,294,163,9,4,26,23,59,33,78,14
R01236,ñkäCìπ,ñkìlés,44302,20542,23760,44002,20505,23497,5444,2808,2636,25434,12184,13250,13332,5541,7791,6564,2395,4169,300,247,525,1343,1556,18337,18261,42666,11338,5276,4726,2534,2499,161,113,39744,9580,1706,14,0,4,227,107,1,3,72,487,19,54,45,166,165,50,146,19,127,16712,154,0,64,1793,2973,3,4,1724,3962,213,253,207,1049,637,131,2358,252,935,449,137,189,90.9,4.5,21150973,5192887,20674624,8944279,2672947,1742057,20718,4,369,11,190,2205,5,103,1326,0,0,0,0,3,665,20738,10936,9802,1183,732,451,14869,5104,9765,1637,4707,14317,1,2,45736,7411,370,131,8,0,27,16,25,18,43,9
R01303,ñkäCìπ,ìñï í¨,15916,7703,8213,15739,7612,8127,1178,589,589,8983,4509,4474,5553,2482,3071,2834,1157,1677,119,47,203,672,668,7281,7268,15488,4138,2601,2113,1230,898,40,23,42286,15808,597,49,0,0,62,27,1,2,13,126,7,56,17,68,61,16,45,7,40,5617,305,0,0,385,1157,16,2,162,933,51,112,48,438,361,524,768,142,213,414,64,146,94.7,10.5,11845126,2080596,11600273,2346211,1550431,860419,0,0,0,2,45,492,2,34,320,0,0,0,0,1,228,7619,4241,3378,305,192,113,5885,2169,3716,1082,1300,4932,1,0,15676,1496,106,55,0,0,13,6,23,117,62,2
R01304,ñkäCìπ,êVé¬í√ë∫,3044,1484,1560,3035,1477,1558,300,160,140,1591,852,739,1142,467,675,666,238,428,8,14,66,60,88,1051,1038,2641,566,286,320,193,139,13,2,7804,7596,96,24,0,0,7,5,0,0,3,16,2,0,0,11,4,1,13,2,8,889,167,0,0,144,24,0,0,19,115,4,0,0,47,25,6,221,91,26,221,1,48,87.4,3.2,3514006,318591,3433502,603965,518935,405693,4730,0,0,1,15,120,1,12,73,0,0,0,0,0,0,1483,803,680,32,18,14,1045,415,630,612,92,660,0,0,3000,81,13,5,0,0,3,1,2,3,2,0
R01331,ñkäCìπ,èºëOí¨,6260,2805,3455,6218,2800,3418,377,187,190,2611,1272,1339,3266,1343,1923,1804,675,1129,42,21,132,146,284,3196,3186,5995,1590,1351,1083,691,848,10,8,29325,2365,350,2,1,0,47,24,0,0,4,116,5,10,3,37,44,5,19,10,23,2065,25,17,0,218,593,0,0,60,447,29,13,4,135,88,20,255,58,103,14,120,85,88.4,7.4,5842102,553287,5683014,1170519,483342,466188,0,0,0,3,27,146,1,13,87,0,0,0,0,1,64,2653,1421,1232,131,94,37,3063,1088,1975,268,731,1647,1,1,6815,5159,109,26,0,1,3,4,8,3,10,2
R01332,ñkäCìπ,ïüìáí¨,3794,1755,2039,3758,1753,2005,228,103,125,1711,871,840,1851,778,1073,973,364,609,36,13,81,63,135,1861,1858,3717,984,705,655,385,427,13,4,18725,1655,252,2,3,0,28,27,1,2,5,66,4,12,3,26,24,6,12,6,25,1546,10,19,0,181,408,18,3,17,267,13,15,4,73,54,13,132,24,295,14,22,62,88.1,11,3956579,513535,3866720,682311,439181,314555,0,1,14,2,18,90,1,14,46,0,0,0,0,1,30,1639,891,748,111,83,28,1745,640,1105,241,590,785,0,0,3879,2909,61,21,0,0,3,2,2,2,2,1
R01333,ñkäCìπ,ímì‡í¨,4167,2060,2107,4104,2052,2052,357,176,181,2160,1156,1004,1649,727,922,854,320,534,63,14,63,95,157,1868,1859,3962,984,686,579,338,316,11,6,19676,3188,181,4,3,0,30,19,1,1,2,34,2,5,2,30,16,4,7,6,15,1471,39,17,0,304,402,81,7,33,168,13,14,2,116,31,10,89,44,101,130,38,50,86.5,13,4942217,739920,4849489,730779,372018,742093,30282,1,12,3,25,151,1,16,82,0,0,0,0,1,175,2110,1183,927,75,53,22,1461,560,901,560,559,964,2,0,4201,1145,28,18,0,0,4,2,2,2,1,1
R01334,ñkäCìπ,ñÿå√ì‡í¨,3832,1750,2082,3807,1745,2062,232,113,119,1678,831,847,1908,793,1115,1069,408,661,24,9,82,121,138,1871,1865,3732,967,734,637,381,465,10,5,22186,2390,247,3,0,0,36,15,0,1,7,61,4,9,5,32,29,2,14,6,23,1268,23,0,0,235,122,0,2,79,356,19,15,8,126,50,7,137,25,64,33,34,49,95.7,9.4,4248120,495811,4188080,772454,447913,565113,0,0,0,1,15,109,1,10,55,0,0,0,0,0,0,1618,872,746,75,61,14,1745,610,1135,167,392,1044,1,0,3965,2151,59,25,1,1,3,1,7,1,5,2
R01337,ñkäCìπ,éµî—í¨,27686,12679,15007,27574,12661,14913,3215,1637,1578,14743,6996,7747,9719,4040,5679,4906,1806,3100,112,138,394,1140,900,11568,11518,26351,7243,3337,3403,1924,1731,67,52,21675,8022,876,11,0,1,124,64,1,4,39,176,9,20,19,107,81,20,109,10,81,8157,97,0,12,815,1140,26,10,761,1256,33,143,82,992,414,80,1660,112,524,289,40,127,93.8,11.4,11988532,2974035,11856589,3813855,1385025,1924832,0,2,244,4,89,1274,2,48,620,2,38,74,57,1,334,11853,6228,5625,1202,755,447,10894,3800,7094,1123,2296,8266,3,0,28054,9775,141,73,3,2,17,10,36,13,25,6
R01343,ñkäCìπ,é≠ïîí¨,3760,1779,1981,3646,1756,1890,342,176,166,1901,919,982,1517,684,833,725,310,415,114,14,53,108,124,1619,1613,3595,887,537,528,342,248,6,1,11063,2134,152,3,0,0,23,20,1,0,3,38,1,0,0,19,18,1,12,3,10,1073,20,0,0,134,312,4,0,28,179,6,0,0,89,82,1,155,26,37,1,19,55,97.6,3.2,2957567,421004,2937290,524137,206842,333920,0,1,52,1,17,150,1,17,88,0,0,0,0,0,0,1824,964,860,68,47,21,1525,591,934,605,466,751,1,0,3819,2863,36,12,0,0,2,1,2,1,3,0
R01345,ñkäCìπ,êXí¨,14338,6658,7680,14000,6590,7410,1364,682,682,7403,3659,3744,5532,2289,3243,2727,1013,1714,313,57,251,311,495,6330,6310,13849,3293,2278,1790,974,1115,42,29,36879,9298,859,18,2,2,97,104,3,1,31,210,12,30,18,104,85,14,53,14,61,6137,154,7,9,568,1897,24,1,386,1067,131,47,68,466,209,42,624,106,331,137,49,175,91.8,14.3,12587348,1706639,12488110,2551308,853664,1891285,0,2,65,8,74,593,2,36,338,0,0,0,0,1,113,7134,3817,3317,411,280,131,5357,1832,3525,1572,2120,3421,2,1,14937,7235,172,80,0,2,7,6,17,7,11,3
R01346,ñkäCìπ,î™â_í¨,15826,7894,7932,15526,7746,7780,1591,831,760,8504,4600,3904,5534,2311,3223,2758,1006,1752,225,85,207,541,684,7519,7380,15107,3680,3084,1856,1030,1215,77,21,95608,17253,881,23,4,0,109,60,3,2,26,224,13,40,21,131,75,9,45,16,80,5923,362,30,0,770,827,53,3,321,1109,133,98,84,545,199,49,782,162,396,162,85,152,89.8,10.4,17148262,1965752,16864749,2779527,1483273,1977124,10822,1,38,7,82,653,4,55,341,0,0,0,0,1,236,8230,4784,3446,298,169,129,5056,1710,3346,1564,1749,4576,1,1,15578,3856,191,96,1,2,5,7,25,9,28,5
R01347,ñkäCìπ,í∑ñúïîí¨,5109,2448,2661,4932,2394,2538,415,200,215,2507,1337,1170,2088,854,1234,1193,419,774,177,23,93,146,210,2717,2543,4778,1228,1176,725,435,535,7,9,31076,6113,310,2,1,0,32,24,1,0,9,81,6,5,5,44,26,6,20,6,42,2161,35,18,0,190,476,4,0,91,361,24,8,13,159,86,63,140,241,252,34,6,78,87.5,12.4,5436015,661487,5288222,884392,633629,369503,0,0,0,2,18,190,1,14,93,0,0,0,0,1,69,2662,1534,1128,71,49,22,1848,601,1247,512,697,1436,0,1,5135,2117,69,31,0,1,2,3,4,4,5,1
R01361,ñkäCìπ,ç]ç∑í¨,7428,3569,3859,7406,3555,3851,589,295,294,3950,2097,1853,2846,1145,1701,1589,572,1017,19,25,104,382,444,3542,3502,6746,1732,1568,932,578,653,24,10,10948,2714,482,6,0,0,43,23,5,3,13,127,11,16,14,71,45,10,43,9,43,2994,40,0,0,291,141,39,5,139,710,151,31,65,272,132,35,582,118,243,76,27,80,93.4,16.5,5817855,828627,5648055,1741706,695634,526082,0,0,0,3,48,231,2,35,147,0,0,0,0,1,231,3571,2063,1508,148,108,40,2848,953,1895,297,613,2584,0,1,7376,4259,116,57,1,2,4,4,15,4,16,4
R01362,ñkäCìπ,è„Émçëí¨,4306,1965,2341,4255,1944,2311,388,197,191,2047,986,1061,1868,779,1089,992,360,632,50,16,96,85,155,2053,2050,4231,1081,782,617,373,479,11,4,54772,4385,218,8,2,1,29,22,0,1,4,46,3,4,3,28,26,2,11,8,20,1244,54,8,1,360,185,0,1,26,209,14,6,5,65,68,2,127,27,86,81,60,71,84,6.1,5802168,433616,5688505,1200652,473163,385697,0,0,0,3,33,170,1,16,89,0,0,0,0,1,43,1982,1056,926,100,65,35,1825,641,1184,335,554,1081,0,0,4629,2184,40,22,0,0,3,2,2,3,0,2
R01363,ñkäCìπ,å˙ëÚïîí¨,3592,1717,1875,3562,1711,1851,339,181,158,1713,882,831,1540,654,886,832,310,522,30,16,66,87,143,1654,1646,3470,947,560,551,329,277,10,5,46058,9182,201,12,0,1,22,17,0,0,8,55,4,8,4,18,17,1,14,6,14,1334,117,0,3,209,156,0,0,105,214,16,14,14,70,89,11,173,72,71,209,52,58,78.1,5.6,4501852,415813,4418004,849121,209508,372676,5,0,0,3,41,164,1,14,71,0,0,0,0,0,0,1889,1039,850,73,51,22,1290,446,844,611,321,957,0,1,3703,903,49,14,0,1,1,1,4,1,3,1
R01364,ñkäCìπ,â≥ïîí¨,3403,1538,1865,3386,1537,1849,284,142,142,1567,746,821,1552,650,902,857,332,525,17,14,66,70,123,1597,1593,3336,902,561,544,358,381,7,2,16259,2558,170,6,1,0,25,10,0,1,2,44,3,1,2,17,21,3,14,4,16,942,43,1,0,163,216,0,1,9,192,11,8,5,81,41,3,106,18,44,52,65,54,69.7,3.8,4449090,279657,4323148,743022,544780,413667,0,0,0,3,27,127,1,15,68,0,0,0,0,0,0,1559,833,726,48,37,11,1507,524,983,161,457,940,1,0,3530,1118,38,11,0,1,1,1,4,2,3,1
R01367,ñkäCìπ,âúêKí¨,2410,1280,1130,2402,1276,1126,163,86,77,1250,774,476,997,420,577,543,207,336,8,10,55,164,193,1215,1203,2202,559,566,332,222,263,10,3,14299,2075,206,1,1,0,17,17,1,0,10,55,2,7,1,48,17,0,6,4,19,935,2,7,0,193,82,9,0,59,180,10,18,4,150,30,0,96,22,73,17,12,72,88,11,3885013,273394,3860700,354223,413204,584487,6382,2,31,2,22,78,1,14,33,0,0,0,0,1,82,1268,850,418,34,27,7,945,317,628,135,161,970,0,0,2518,450,48,25,0,1,3,0,3,1,2,0
R01370,ñkäCìπ,ç°ã‡í¨,5072,2446,2626,5068,2444,2624,468,236,232,2515,1334,1181,2089,876,1213,1176,458,718,4,22,85,156,174,2192,2179,4719,1187,771,657,414,400,18,6,56825,12221,224,10,0,1,30,10,1,0,6,61,3,8,4,27,23,4,10,4,22,1456,87,0,3,251,64,3,0,102,287,11,16,53,121,46,30,259,41,82,239,19,68,85.1,6.1,6141044,524459,6119471,1220898,719478,671950,0,0,0,2,25,212,1,15,99,0,0,0,0,0,0,2517,1416,1101,64,47,17,1892,686,1206,706,341,1464,0,0,4977,685,59,22,0,1,4,2,6,2,9,1
R01371,ñkäCìπ,ÇπÇΩÇ»í¨,7398,3466,3932,7368,3462,3906,587,298,289,3323,1706,1617,3482,1459,2023,1985,764,1221,30,19,137,198,266,3534,3517,7023,1893,1361,1128,727,772,17,6,63868,13980,455,5,1,4,64,25,2,2,13,127,4,16,5,63,37,4,26,12,45,2411,65,9,24,471,149,9,3,122,500,41,27,11,215,98,8,395,94,170,270,81,129,87.5,8.8,9238400,658098,9011321,1921601,796457,751168,0,0,0,4,39,247,3,42,141,0,0,0,0,1,175,3676,2060,1616,127,86,41,2982,1009,1973,927,545,2202,0,1,7369,2856,113,41,0,2,5,4,9,5,10,3
R01391,ñkäCìπ,ìáñqë∫,1356,687,669,1354,686,668,112,58,54,680,396,284,564,233,331,326,116,210,2,9,23,38,63,617,612,1246,310,253,175,100,146,4,0,43718,6951,73,0,1,0,7,4,0,0,2,17,1,0,1,12,4,1,4,8,11,329,0,10,0,35,27,0,0,14,50,3,0,7,31,5,1,84,30,32,28,13,48,90,5.8,2501749,105992,2418095,619250,157203,170404,28544,0,0,1,11,45,1,12,16,0,0,0,0,0,0,659,410,249,16,12,4,569,207,362,141,84,431,0,0,1418,712,15,2,0,0,1,0,1,1,0,1
R01392,ñkäCìπ,éıìsí¨,2838,1397,1441,2784,1394,1390,258,139,119,1411,749,662,1167,508,659,641,240,401,54,14,47,98,123,1340,1333,2506,637,622,348,217,297,7,5,9525,1971,183,0,8,0,16,14,2,0,6,51,3,2,1,17,15,1,12,7,28,1141,0,67,0,149,201,6,0,59,216,18,3,1,61,39,1,224,24,72,7,36,53,85.3,13.4,5686797,244198,5636818,624547,603303,583015,13305,0,0,2,24,116,1,14,62,0,0,0,0,1,74,1376,754,622,38,26,12,1148,468,680,143,315,908,0,0,2905,632,42,14,0,0,3,2,5,2,2,1
R01393,ñkäCìπ,çïèºì‡í¨,2791,1353,1438,2775,1348,1427,304,163,141,1385,758,627,1102,432,670,686,238,448,16,9,42,144,141,1298,1287,2376,582,645,304,202,268,11,3,34565,6575,153,7,0,0,14,7,0,0,4,35,1,10,8,20,7,2,19,3,16,1079,39,0,0,103,71,0,0,32,122,7,19,23,80,20,1,464,15,83,38,13,53,83.9,9.8,4508233,251156,4291159,767944,528956,332872,5,0,0,2,29,133,2,27,75,0,0,0,0,0,0,1315,762,553,42,27,15,1123,399,724,165,207,897,0,0,2737,327,34,11,0,0,5,1,6,1,2,1
R01394,ñkäCìπ,óñâzí¨,4568,2197,2371,4530,2175,2355,453,229,224,2285,1180,1105,1828,786,1042,1003,383,620,38,31,95,158,172,2081,2074,4327,1192,748,652,411,334,10,11,44978,9478,238,12,0,1,34,10,0,0,6,71,2,8,5,33,8,6,10,5,27,1486,127,0,2,280,50,0,0,38,317,13,23,19,138,49,12,270,48,100,237,27,102,85,11.7,7295112,468067,6947360,927322,1416323,473239,5135,1,23,2,29,198,1,12,88,0,0,0,0,1,34,2386,1342,1044,57,27,30,1465,496,969,567,335,1330,0,0,4546,112,64,20,0,1,4,2,3,2,4,1
R01395,ñkäCìπ,ÉjÉZÉRí¨,5074,2624,2450,4799,2445,2354,619,339,280,2797,1484,1313,1307,595,712,637,245,392,246,42,56,279,286,2515,2511,4986,1176,1146,466,266,281,25,4,19713,5280,290,7,0,2,20,11,0,2,10,55,3,9,6,98,26,4,15,3,19,1892,44,0,15,147,81,0,4,125,207,19,26,8,844,146,12,118,22,74,127,5,66,86.5,10.9,5051644,963849,4866113,662604,565427,626537,1529,1,33,2,31,293,1,13,103,0,0,0,0,1,52,2623,1524,1099,132,78,54,1272,434,838,433,383,1772,0,1,4967,950,50,38,0,0,2,2,2,3,4,1
R01396,ñkäCìπ,ê^éÎë∫,2045,1035,1010,2008,1006,1002,242,131,111,1098,602,496,705,302,403,389,148,241,37,13,29,68,107,903,900,1937,462,347,230,142,130,7,3,11425,3696,90,7,0,0,5,3,0,0,4,21,1,1,1,18,5,0,10,2,12,520,51,0,0,31,19,0,0,34,121,5,1,26,35,14,0,89,47,47,124,7,50,95.4,11.2,2737978,225023,2647193,442784,332857,420311,0,0,0,2,20,93,1,12,45,0,0,0,0,1,85,1146,656,490,34,17,17,622,231,391,446,87,603,1,0,2043,407,17,16,0,0,3,1,2,1,3,1
R01397,ñkäCìπ,óØéıìsë∫,1911,971,940,1798,923,875,234,115,119,1184,638,546,493,218,275,270,106,164,113,14,18,103,96,959,956,1835,398,496,161,98,87,2,2,11984,4731,101,2,0,0,3,5,0,0,3,30,1,7,0,24,4,3,4,3,12,1150,25,0,0,23,40,0,0,49,166,6,11,0,719,8,9,47,19,28,87,4,57,84.7,8.7,2893510,406134,2872757,424914,584439,336762,0,0,0,1,13,96,1,12,49,0,0,0,0,1,54,1241,699,542,16,9,7,418,147,271,354,93,794,1,0,1884,277,26,13,0,0,2,1,2,1,0,1
R01398,ñkäCìπ,äÏñŒï í¨,2156,1112,1044,2093,1093,1000,177,92,85,1044,560,484,805,366,439,467,199,268,63,11,40,86,82,1130,1118,2008,474,580,271,168,160,7,2,18941,3538,129,3,0,0,8,6,1,0,8,38,2,1,0,24,9,1,13,3,12,883,13,0,0,120,160,3,0,85,165,8,1,0,87,36,1,151,21,32,76,4,56,90.5,9.8,3036759,315702,3004416,539724,429091,187424,92,0,0,2,16,69,1,11,42,0,0,0,0,0,0,1081,595,486,19,13,6,734,309,425,245,135,700,0,0,2038,176,32,19,0,0,2,2,2,2,1,1
R01399,ñkäCìπ,ãûã…í¨,2941,1420,1521,2887,1410,1477,297,158,139,1446,733,713,1114,483,631,639,251,388,53,20,54,78,112,1269,1265,2723,710,440,352,208,169,10,3,23149,3761,174,11,1,0,18,12,0,0,6,35,3,12,1,29,16,3,9,3,15,1405,114,8,0,178,199,0,0,131,173,9,42,4,126,40,3,220,52,106,76,8,62,77.8,7.1,4031940,1917491,3929821,637140,805598,340800,0,0,0,1,19,130,1,11,88,0,0,0,0,0,0,1526,824,702,39,32,7,914,327,587,278,307,841,1,0,2922,66,29,21,0,0,2,2,3,3,2,1
R01400,ñkäCìπ,ã‰ímà¿í¨,15129,7787,7342,14257,7301,6956,1941,999,942,9096,4995,4101,3731,1611,2120,1838,710,1128,589,126,121,1008,1129,7631,7602,14660,3549,3667,1359,805,813,98,35,26134,7105,910,14,0,0,63,24,4,6,22,206,13,99,34,194,76,21,57,6,71,6936,139,0,0,535,269,106,15,398,1512,129,326,118,1042,488,96,842,319,602,161,21,138,86.1,7.2,9991713,3121464,9657517,1893077,1678581,1041502,0,2,168,5,85,828,1,31,373,0,0,0,0,2,445,8009,4736,3273,272,163,109,3747,1267,2480,673,918,6246,1,0,15278,719,163,132,2,1,11,7,41,9,28,2
R01401,ñkäCìπ,ã§òaí¨,5772,3047,2725,5763,3044,2719,650,340,310,3273,1884,1389,1826,800,1026,984,387,597,9,43,84,224,256,2728,2723,5697,1382,1128,654,386,357,32,7,30492,10186,225,11,0,2,34,11,1,0,12,51,2,9,4,26,13,3,12,7,27,1681,81,0,8,336,319,4,0,137,314,5,28,15,99,39,10,130,76,80,293,54,85,87.9,8.6,5530852,735957,5428425,1066166,861017,652372,0,2,36,3,41,282,1,15,114,0,0,0,0,0,0,3216,2031,1185,74,46,28,1691,544,1147,788,663,1740,0,0,5768,1854,44,9,0,0,4,3,2,5,1,1
R01402,ñkäCìπ,ä‚ì‡í¨,11648,5500,6148,11599,5477,6122,1106,574,532,6157,3149,3008,4364,1757,2607,2283,830,1453,47,57,216,372,518,5750,5736,11314,3014,2366,1479,883,1239,43,22,7060,1384,802,2,0,0,95,47,2,1,16,193,19,67,14,157,73,15,48,7,46,4870,3,0,0,863,657,30,2,155,887,132,107,52,615,200,50,713,45,359,24,5,122,95.3,15.4,6913057,1213634,6871228,1882302,1197534,427044,0,2,116,2,36,474,2,33,249,0,0,0,0,1,264,5633,3142,2491,243,148,95,4358,1458,2900,180,1755,3672,0,0,11724,6701,160,115,1,1,10,7,17,7,27,3
R01403,ñkäCìπ,îëë∫,1569,784,785,1566,784,782,147,80,67,797,461,336,625,243,382,383,133,250,3,9,41,59,65,813,808,1473,339,431,172,94,184,3,2,8227,544,104,0,1,0,28,1,4,0,1,24,1,0,5,12,5,0,5,5,12,1952,0,4,0,944,35,558,0,7,82,2,0,61,63,8,0,95,32,61,1,0,56,39.4,1,4236233,2216513,4164256,605941,696613,264713,0,0,0,1,11,54,1,15,42,0,0,0,0,0,0,790,497,293,19,13,6,612,194,418,68,118,600,1,0,1576,5,20,1,0,0,3,1,2,1,0,1
R01404,ñkäCìπ,ê_åbì‡ë∫,870,400,470,869,399,470,65,28,37,357,195,162,448,177,271,280,89,191,1,4,20,27,17,401,396,753,181,181,109,68,108,2,2,14779,972,63,0,1,0,3,1,0,0,1,21,0,1,0,12,5,0,8,2,8,248,0,8,0,11,7,0,0,3,64,0,2,0,40,6,0,84,7,16,0,0,35,97.5,5.5,2734843,79063,2609855,608566,125824,163667,0,0,0,1,11,24,1,11,19,0,0,0,0,0,0,391,230,161,15,11,4,399,131,268,54,46,289,0,0,819,502,19,5,0,0,1,1,2,1,0,1
R01405,ñkäCìπ,êœíOí¨,1831,855,976,1827,851,976,148,81,67,823,427,396,859,346,513,476,185,291,4,4,39,46,56,883,881,1799,462,340,303,156,221,1,1,23813,5114,122,0,1,0,7,3,0,0,3,37,1,0,0,41,8,1,4,5,11,567,0,8,0,40,20,0,0,18,102,3,0,0,235,10,4,47,15,65,23,21,49,89.2,10.1,2907218,168134,2828036,437308,187162,250863,0,0,0,4,22,55,1,11,37,0,0,0,0,0,0,941,531,410,30,23,7,698,212,486,264,115,535,0,0,1911,962,33,22,0,0,2,1,1,2,2,1
R01406,ñkäCìπ,å√ïΩí¨,2745,1307,1438,2692,1301,1391,207,111,96,1297,659,638,1154,492,662,643,255,388,53,3,56,60,87,1282,1246,2508,636,498,401,209,299,3,8,18836,2674,169,2,0,0,21,15,1,0,3,41,3,3,0,21,21,1,17,3,17,1069,8,0,0,141,331,2,0,25,127,12,4,0,57,44,1,197,47,73,10,7,57,80.2,9.1,3817597,217227,3755173,967985,342454,187841,49242,0,0,1,19,88,1,14,47,0,0,0,0,0,0,1320,717,603,31,21,10,1094,410,684,192,355,766,0,0,2850,1267,38,14,0,0,1,2,1,2,2,1
R01407,ñkäCìπ,êmñÿí¨,3180,1526,1654,3113,1504,1609,344,178,166,1554,803,751,1282,545,737,673,247,426,67,19,56,134,136,1332,1310,2824,725,470,415,235,237,11,5,16796,4069,148,10,0,0,11,9,0,0,7,34,1,5,1,15,9,1,23,4,18,1104,86,0,0,49,118,0,0,49,191,7,14,1,72,15,50,320,56,76,294,15,57,88.8,9.9,3671314,338734,3639372,840302,385195,259974,0,0,0,2,23,159,2,29,80,0,0,0,0,0,0,1675,879,796,40,26,14,1085,424,661,801,132,722,0,0,3266,1791,24,10,0,0,3,2,2,2,1,1
R01408,ñkäCìπ,ó]ésí¨,18000,8342,9658,17863,8301,9562,1667,839,828,9020,4528,4492,7260,2943,4317,3830,1374,2456,125,83,288,577,696,8283,8235,16995,4552,3121,2458,1467,1647,42,21,14059,4749,912,12,0,1,72,71,2,2,16,255,12,60,16,130,95,20,95,6,47,6881,109,0,4,514,790,29,3,225,1866,196,114,93,473,358,130,1481,131,365,340,21,157,93.5,8.6,9148451,1802135,8905480,2816868,996802,887035,0,3,233,4,64,696,3,49,411,0,0,0,0,2,302,8136,4299,3837,434,293,141,7103,2559,4544,1401,1208,5480,1,1,18056,4013,205,94,4,1,14,12,27,15,36,3
R01409,ñkäCìπ,ê‘à‰êÏë∫,1165,606,559,1105,573,532,131,66,65,673,384,289,361,156,205,185,71,114,60,7,16,48,68,621,614,1124,269,324,126,80,79,4,3,28009,1715,58,5,0,0,5,4,1,0,2,12,0,0,1,9,3,0,3,3,10,610,60,0,0,45,39,7,0,7,103,0,0,2,134,66,0,44,10,93,80,3,38,99.7,6.3,2186934,273386,2179374,321957,404265,166988,0,0,0,2,16,50,1,13,39,0,0,0,0,0,0,705,431,274,26,18,8,301,91,210,205,109,390,0,0,1149,260,11,4,0,0,1,0,1,0,0,0
R01423,ñkäCìπ,ìÏñyí¨,7319,3461,3858,7273,3458,3815,693,357,336,4057,1981,2076,2555,1117,1438,1314,515,799,46,36,90,252,243,2980,2966,7047,1962,701,942,535,368,13,12,8136,7995,252,19,0,1,31,23,0,0,8,44,2,6,4,36,20,5,26,3,24,2323,238,0,5,258,341,0,0,164,275,8,28,11,224,116,54,371,79,151,153,108,77,94.9,11.9,6172928,782301,6060825,1174011,468964,493950,0,1,143,1,32,288,1,16,140,0,0,0,0,1,19,3742,2018,1724,140,88,52,2481,863,1618,640,644,2337,0,0,7445,604,33,27,0,1,2,5,6,7,4,1
R01424,ñkäCìπ,ìﬁà‰ç]í¨,5120,2405,2715,5091,2389,2702,439,233,206,2490,1268,1222,2189,902,1287,1236,451,785,28,21,85,129,190,2312,2297,4829,1292,825,701,452,475,15,10,8819,3979,243,13,0,2,43,15,2,0,8,53,5,7,6,27,15,3,20,4,20,2544,84,0,28,473,928,93,0,63,274,18,8,20,125,65,3,172,44,146,129,18,86,91.9,12.8,4681367,805837,4567334,1102644,618341,297377,0,0,0,1,16,182,1,14,91,0,0,0,0,1,62,2440,1330,1110,76,53,23,2136,770,1366,391,709,1321,1,1,5235,409,47,18,0,1,3,3,8,3,5,1
R01425,ñkäCìπ,è„çªêÏí¨,2841,1292,1549,2824,1281,1543,182,96,86,1201,613,588,1458,583,875,861,291,570,17,11,69,65,95,1479,1475,2721,693,691,430,230,477,5,5,3998,547,110,0,0,1,16,8,0,0,4,32,3,1,0,3,13,0,11,3,15,799,0,0,25,138,269,0,0,22,110,9,1,0,5,51,0,115,9,45,0,0,62,84.5,7.1,3284714,185092,3185261,849314,427980,165235,0,0,0,1,13,79,1,11,38,0,0,0,0,0,0,1042,568,474,124,91,33,1491,537,954,20,284,730,0,0,2729,587,31,3,0,0,3,1,2,1,2,1
R01427,ñkäCìπ,óRêmí¨,4822,2302,2520,4798,2292,2506,401,219,182,2324,1202,1122,2044,851,1193,1135,419,716,24,16,83,142,155,2063,2056,4654,1140,669,683,385,395,12,8,13374,8559,292,30,0,1,24,29,2,0,7,76,3,5,4,29,19,5,21,3,34,1832,170,0,13,134,413,5,0,65,390,23,8,12,102,139,15,184,18,141,302,35,79,89.6,16.8,5201877,615198,5080101,904263,357192,366648,88224,0,0,1,20,193,1,16,90,0,0,0,0,0,0,2597,1411,1186,64,42,22,1705,599,1106,925,434,1223,0,0,4957,0,65,24,0,0,5,4,4,5,5,2
R01428,ñkäCìπ,í∑è¿í¨,10289,4919,5370,10239,4889,5350,1010,520,490,5280,2701,2579,3969,1678,2291,2219,849,1370,26,50,145,256,310,4091,4070,9702,2466,1134,1297,742,603,30,18,16852,15023,480,39,0,2,47,29,0,0,9,115,3,21,16,65,29,7,45,9,44,3738,321,0,9,310,301,0,0,222,790,49,44,282,322,138,27,606,108,209,566,92,120,88.7,11.4,8405150,1233317,8360002,1607571,1163995,756017,0,1,51,1,36,450,1,23,250,0,0,0,0,1,118,5440,2961,2479,155,85,70,3177,1091,2086,1658,681,2913,0,1,10545,0,101,56,1,1,6,4,11,5,24,2
R01429,ñkäCìπ,åIéRí¨,11272,5176,6096,11233,5152,6081,1083,491,592,5528,2769,2759,4636,1894,2742,2598,951,1647,35,60,183,380,419,4964,4935,10734,2806,1710,1527,928,921,30,13,20393,10029,613,37,0,1,58,52,3,3,15,162,8,32,11,67,48,10,53,6,47,5006,337,0,5,542,820,35,5,226,922,81,79,27,268,164,54,847,119,475,317,52,102,99.3,11.4,9219170,1291396,9081770,2080876,1384607,889217,52680,0,0,3,50,495,1,21,226,0,0,0,0,1,119,5531,2970,2561,166,109,57,4179,1443,2736,1119,1160,3166,1,1,11495,959,126,57,1,1,8,8,14,9,21,3
R01430,ñkäCìπ,åéå`í¨,3691,2185,1506,3678,2174,1504,214,113,101,2064,1439,625,1376,610,766,782,297,485,13,12,69,107,183,1320,1293,2642,662,521,386,214,233,5,3,15040,6085,163,20,0,0,17,11,0,0,2,32,2,3,1,17,10,2,22,3,21,1396,117,0,0,133,84,0,0,27,220,10,5,2,56,56,3,500,66,117,159,16,55,72.6,1.7,4876186,294619,4815490,683950,438093,291576,0,0,0,1,15,88,1,12,42,0,0,0,0,1,42,1522,868,654,54,41,13,1845,1130,715,472,163,881,0,1,3125,358,28,12,0,1,4,2,3,2,5,1
R01431,ñkäCìπ,âYâPí¨,1732,845,887,1724,843,881,173,83,90,781,417,364,777,344,433,431,172,259,8,7,30,42,73,777,773,1668,433,271,273,174,126,4,1,10183,5295,87,4,0,1,8,4,0,0,2,22,2,0,0,8,6,2,9,5,14,607,194,0,1,81,22,0,0,15,70,4,0,0,35,14,2,80,28,61,150,16,46,79.4,-3.8,4157483,217549,4012884,518265,648479,192134,1657,0,0,1,14,76,1,14,41,0,0,0,0,0,0,905,493,412,14,10,4,638,258,380,426,95,367,0,0,1765,357,20,6,0,0,3,1,1,0,1,1
R01432,ñkäCìπ,êVè\í√êÏí¨,6484,2976,3508,6465,2968,3497,719,355,364,3099,1535,1564,2666,1086,1580,1537,581,956,19,27,95,208,199,2543,2529,6048,1635,620,869,530,392,20,7,49547,11236,198,6,0,2,30,6,0,0,10,47,2,8,1,18,16,3,16,6,27,1840,63,0,24,258,27,0,0,105,308,7,21,5,152,53,11,525,77,204,292,44,82,77.3,-0.4,7275163,568848,7030388,1553667,745183,614600,4401,1,187,1,26,309,1,17,159,0,0,0,0,1,76,3059,1655,1404,93,57,36,2312,773,1539,718,403,1763,0,1,6551,599,36,13,1,1,2,3,8,4,10,1
R01433,ñkäCìπ,ñÖîwãçí¨,2693,1290,1403,2650,1256,1394,217,111,106,1207,638,569,1269,541,728,704,281,423,43,7,56,51,62,1201,1198,2635,678,381,432,280,224,7,1,4864,4861,140,6,0,0,21,11,1,0,3,40,1,0,3,15,10,6,8,2,13,985,28,0,0,134,296,5,0,28,173,5,0,15,40,37,6,96,35,87,181,4,57,78.6,8.7,3521945,279024,3467589,666048,606392,198608,0,0,0,1,17,98,1,14,59,0,0,0,0,0,0,1332,753,579,38,24,14,1103,402,701,462,250,616,1,0,2840,340,36,14,0,0,1,2,2,4,0,1
R01434,ñkäCìπ,íÅïÉï í¨,2329,1072,1257,2326,1071,1255,229,104,125,1093,544,549,985,411,574,590,220,370,3,14,37,65,66,982,977,2198,583,300,320,200,173,5,5,4718,4428,123,6,0,0,11,8,0,1,4,32,3,5,2,13,12,3,10,2,11,882,97,0,0,89,127,0,2,52,119,6,15,3,74,26,20,122,44,86,141,14,44,91.2,7.1,3158534,238228,3087324,417705,350132,268090,16092,0,0,1,14,100,1,12,48,0,0,0,0,0,0,1167,629,538,34,20,14,871,303,568,393,131,626,0,1,2370,25,26,12,0,0,2,1,1,1,1,1
R01436,ñkäCìπ,âJó≥í¨,2389,1165,1224,2380,1164,1216,194,101,93,1186,634,552,1009,430,579,588,220,368,9,4,44,50,61,926,920,2089,567,263,319,213,158,5,1,19115,7070,115,13,0,0,14,1,0,0,6,26,3,1,2,11,11,1,8,3,15,908,132,0,0,86,2,0,0,73,134,10,2,4,57,34,3,234,10,127,166,1,52,91.5,9.1,4050399,227567,3923636,632870,410966,229814,12801,0,0,1,14,99,1,13,39,0,0,0,0,0,0,1167,652,515,31,19,12,997,393,604,454,111,602,1,0,2241,230,23,8,0,1,1,1,2,1,1,1
R01437,ñkäCìπ,ñkó≥í¨,1724,823,901,1718,820,898,162,77,85,787,403,384,775,343,432,485,207,278,6,11,40,42,67,737,733,1633,420,223,245,162,123,6,1,15870,5628,89,13,0,1,10,2,0,0,3,17,2,2,0,11,9,0,6,3,10,668,183,0,1,153,35,0,0,8,76,10,4,0,77,31,0,37,14,39,132,25,43,92.4,10,4291419,172392,4223592,1149572,306700,177338,2,0,0,1,13,62,1,11,32,0,0,0,0,0,0,895,505,390,15,11,4,651,230,421,414,81,400,1,1,1717,235,16,9,0,0,2,1,1,2,0,1
R01438,ñkäCìπ,è¿ìcí¨,2909,1392,1517,2903,1387,1516,257,122,135,1412,735,677,1240,535,705,716,279,437,6,14,41,107,96,1244,1239,2717,738,386,420,250,174,4,4,28335,8365,146,5,0,0,17,11,0,0,5,40,3,0,2,20,11,5,6,3,18,895,45,0,0,211,98,0,0,72,192,9,0,14,41,28,20,64,45,56,146,14,72,77,-0.7,5438471,313196,5281572,1028320,636299,365337,5585,0,0,1,17,88,1,15,64,0,0,0,0,0,0,1575,864,711,32,21,11,1038,380,658,465,204,884,0,1,2991,270,36,19,0,0,3,2,2,2,1,1
R01452,ñkäCìπ,ëÈê≤í¨,6567,3105,3462,6564,3102,3462,804,435,369,3491,1679,1812,2272,991,1281,1182,477,705,3,30,78,208,205,2658,2649,6378,1824,623,864,528,376,9,10,13942,7670,248,16,0,0,43,17,0,0,11,50,4,4,9,15,18,4,30,6,21,2047,134,0,0,351,121,0,0,290,260,19,12,138,48,106,25,424,35,84,214,145,81,88.2,5,5464963,821067,5315350,1271960,689392,646439,2255,0,0,2,42,306,1,22,218,0,0,0,0,1,92,3159,1646,1513,92,57,35,2336,885,1451,532,419,2162,0,0,6782,573,33,13,0,0,2,2,1,2,3,3
R01453,ñkäCìπ,ìåê_äyí¨,10127,4702,5425,10084,4682,5402,1545,795,750,5638,2664,2974,2929,1232,1697,1544,573,971,43,46,119,323,341,3840,3830,9655,2776,798,1002,611,434,27,17,6850,5416,306,17,0,0,35,20,0,1,15,66,5,16,10,32,28,16,23,4,18,2982,198,0,0,249,274,0,3,125,568,15,84,67,223,410,119,452,95,100,183,60,104,84.5,8.9,6356053,1198196,6146518,1642490,909537,750330,0,2,115,3,62,675,1,28,326,0,0,0,0,0,0,4841,2563,2278,160,84,76,3185,1070,2115,570,736,3417,8,1,10172,390,58,29,2,0,3,4,10,6,4,2
R01454,ñkäCìπ,ìññÉí¨,6319,2912,3407,6309,2906,3403,649,308,341,3011,1480,1531,2659,1124,1535,1532,578,954,10,30,97,158,174,2773,2756,6007,1686,910,891,576,542,23,11,20490,7091,292,15,0,1,25,23,0,0,11,72,3,22,5,27,21,7,32,4,24,2086,366,0,11,157,319,0,0,175,347,8,55,8,116,50,28,242,112,92,342,134,79,85.3,5.9,6422493,591489,6377547,1170729,673607,692958,12193,1,62,2,35,282,1,18,147,0,0,0,0,0,0,3196,1691,1505,98,56,42,2303,819,1484,869,477,1811,7,1,6378,842,58,19,0,0,4,2,3,3,6,1
R01455,ñkäCìπ,î‰ïzí¨,3520,1662,1858,3517,1662,1855,353,174,179,1706,871,835,1461,617,844,848,320,528,3,13,47,81,95,1570,1563,3404,937,517,505,311,299,5,8,8690,4269,184,17,0,0,25,18,0,0,3,38,3,6,6,14,15,3,18,3,15,1065,172,0,0,105,108,0,0,32,174,11,21,77,103,29,11,125,50,47,212,48,56,86.2,10.3,4075340,323504,3910080,720099,622168,257117,0,0,0,1,21,146,1,16,80,0,0,0,0,0,0,1820,1004,816,52,36,16,1294,448,846,486,252,1079,4,1,3610,283,32,11,0,0,4,1,1,2,3,1
R01456,ñkäCìπ,à§ï í¨,2605,1215,1390,2565,1213,1352,221,125,96,1178,585,593,1206,505,701,703,274,429,40,7,48,53,77,1189,1185,2516,648,434,400,248,262,5,1,25013,4653,163,35,0,0,13,18,1,0,3,30,1,0,5,12,11,1,9,5,19,1043,279,0,0,113,147,3,0,19,112,3,0,7,45,18,1,130,90,76,82,50,55,98.7,8.3,3250776,259256,3142954,590056,490053,297825,6402,1,14,1,18,94,1,16,58,0,0,0,0,0,0,1273,683,590,31,18,13,1068,384,684,378,187,695,7,0,2619,398,27,9,0,0,2,1,1,1,1,1
R01457,ñkäCìπ,è„êÏí¨,3500,1708,1792,3452,1688,1764,263,133,130,1687,931,756,1550,644,906,880,342,538,48,17,43,111,151,1913,1901,3420,838,978,508,344,462,12,5,104947,16023,223,8,2,0,18,14,2,0,7,48,2,2,3,51,20,6,14,3,23,1616,115,17,0,192,58,20,0,63,229,11,10,5,466,50,32,189,39,120,36,19,87,91.8,13.3,6495399,614351,6334966,1235227,1182826,416082,141,2,20,1,17,99,1,15,58,0,0,0,0,1,64,1776,1037,739,69,44,25,1392,494,898,208,211,1357,1,0,3393,272,43,27,0,0,3,3,3,3,6,1
R01458,ñkäCìπ,ìåêÏí¨,8314,3877,4437,8048,3771,4277,1085,547,538,4469,2162,2307,2759,1168,1591,1490,572,918,266,40,103,385,282,3405,3391,7825,2125,1037,936,596,490,15,14,24730,7451,327,21,0,0,20,73,0,4,3,74,1,5,8,50,19,9,18,4,18,2941,295,0,0,193,913,0,39,43,395,6,35,21,373,107,55,281,82,103,172,125,84,80.3,12,9287269,927879,9108032,1234620,1110854,551651,47660,1,63,4,58,467,1,25,220,0,0,0,0,1,216,4151,2208,1943,130,75,55,2943,1045,1898,699,709,2736,1,0,8295,153,63,29,0,0,3,3,3,3,7,1
R01459,ñkäCìπ,î¸âlí¨,9668,4495,5173,9582,4459,5123,927,430,497,4992,2479,2513,3749,1586,2163,2133,832,1301,86,42,140,277,294,4213,4205,9461,2408,1370,1262,743,714,35,12,67678,31857,500,30,0,1,33,32,1,1,16,126,3,12,12,114,38,10,30,8,33,3504,246,0,2,291,392,4,5,306,809,32,19,29,569,81,46,329,110,234,373,24,120,85.1,10.8,11536235,1120521,11298221,1942849,1180923,1071965,1209,0,0,7,87,430,2,40,201,0,0,0,0,1,108,4891,2626,2265,180,107,73,3612,1307,2305,1468,459,2789,15,1,9813,1104,106,62,0,1,3,4,8,5,14,2
R01460,ñkäCìπ,è„ïxó«ñÏí¨,10348,5363,4985,10266,5330,4936,1195,642,553,5741,3210,2531,3314,1446,1868,1760,721,1039,60,64,111,522,598,4287,4238,9463,2583,1330,1218,779,565,49,16,23710,12004,459,21,0,0,29,20,1,1,10,113,2,44,8,108,37,9,28,3,25,2759,212,0,0,302,379,4,2,80,569,15,57,19,416,180,107,219,38,160,217,2,93,90.8,7.5,7402308,1026152,7161380,1783376,756086,445669,0,0,0,3,68,488,1,22,272,0,0,0,0,1,76,5617,3355,2262,148,90,58,3108,1114,1994,966,578,3986,13,1,10380,1306,98,79,1,1,4,6,5,7,15,4
R01461,ñkäCìπ,íÜïxó«ñÏí¨,4733,2260,2473,4699,2255,2444,594,295,299,2406,1199,1207,1731,764,967,962,387,575,34,24,81,163,175,1977,1972,4622,1147,606,569,351,305,12,7,10865,6456,154,10,0,1,9,7,0,1,2,39,1,5,0,38,9,5,7,2,18,1445,151,0,12,71,109,0,2,14,410,3,27,0,209,23,68,97,35,214,299,8,68,79.3,8.2,4917985,531198,4793466,959768,932537,364124,5,0,0,4,46,244,1,19,135,0,0,0,0,0,0,2481,1328,1153,57,33,24,1514,556,958,967,216,1260,8,1,4869,589,35,17,1,1,1,2,2,2,3,1
R01462,ñkäCìπ,ìÏïxó«ñÏí¨,2376,1228,1148,2358,1218,1140,250,123,127,1355,772,583,766,328,438,438,161,277,18,10,46,79,100,1075,1061,2102,547,458,230,166,155,8,6,66554,9983,130,7,0,2,12,8,1,0,4,26,1,3,1,23,12,0,9,5,16,877,63,0,44,77,50,3,0,21,117,4,2,1,80,43,0,266,27,79,56,8,58,94.2,14.5,3937257,284811,3861425,628657,364085,445582,1824,0,0,2,22,108,1,14,37,0,0,0,0,1,28,1277,760,517,22,13,9,812,321,491,264,208,792,5,0,2397,316,21,17,0,0,6,1,2,1,4,2
